,Article,Heading
0,"Continued the Cold Sea in North India, Parah fell to seven degrees Fahrenheit [27 ° C].","The cold wave in North India is continuing and there's a number of degrees below the mountain areas, so there are 45 trains canceled and at least 14 trains are delayed because the national capital has been colder than four degrees Fahrenheit [12 ° C] in length, while the temperature is about three degrees Fahrenheit [0.2 ° C.], the temperature of the weather has been recorded by 4 degrees.The temperature was cold today in the National capital, and the minimum temperature was recorded 11.4 degrees Fahrenheit [0.4 ° C.], which was more than four degrees Fahrenheit [0.2 ° C.], while the temperature of the climate temperature was recorded in 17.2 degrees Fahrenheit. In the morning lighttime, the lights had to cancel 45 trains and 14 delays.There, a spokesman from the IGI pointed out that the flight operations were correct. In the iced region, twenty-four degrees have been made down. However, in the field in the morning the sky was partially clear, but with the passing of the day, there were clouds in the sky and bright clouds moving through the middle and the hills.In the iced region, anger has been made down by two or four degrees. However, in the morning the sky was clear, but as soon as it ascended in the region, there were clouds appearing in the sky, moving swiftly from middle and tall hills.The coldest region of the state is molaring, where the temperature rose from zero to 4.6 degrees Fahrenheit [6 ° C] to 4.6 degrees Fahrenheit [9 to 6 ° C], while the temperature temperature in Niva and Cpa has been recorded lower than 2.6 degrees Fahrenheit [6 ° C] and 130 degrees Fahrenheit [0.0.2 ° C.] less than 1 degrees Fahrenheit [0.0.2 ° C.]The Indian Valley and the Ludhar area have grown cold and fierce and fall down in the entire sky, which makes the dry season grow. Leah has fallen down to seven degrees in the city and has been located under the blue region of the state.The minimum temperature in the town of Kargil entered between zero and 8 degrees Fahrenheit [12 ° C], while the temperature in Mr. city was recorded as less than four degrees Fahrenheit [9 ° C].The Cold Wave continues to affect many parts of the state, and the coldest region of the capital is located here. The temperature is estimated to be 3.9 degrees."
1,"Cameron: Government strength, 57 deaths, nearly close to Tazez, the capital of the rebels","In the struggle, after the supporters of the Nazis had reached the town of Tayaz, the allies of the government, at least 57 people have died in the armed conflicts. Governor Ameri said that with the help of the military forces, the government took the southern and fifths of the city's capitals capitals.The Governor Al-Ameri explained that with the help of military forces in Saudi-Chartique military forces, authorities took possession of the city's western and southern suburbs. They said that the rebels had stopped the vital streets that had been kept from nine months to nine months.He said that the major roads that his supporters had closed from nine months to nine months could now be brought to human and medical aid by those two million people who were still in the siege.Government allies reported that 57 people died in a struggle between the forces and the rebels on Friday, with 37 rebellious, six national citizens and the rest of the government fought."
2,In Kenya terrorists just punched 28 people: Police,"In the north of Kenya, the terrorists of Al-Gbababy banded a bus and separated 28 non-transparents from other passengers and then killed them.Two police officers told us on Saturday that 60 passengers were taken from the capital of the capital of the capital of Nairobi, near the border of Kenya, were kicked near the town of Dodra 31 mama. The terrorists just separated 28 non-people from other passengers and killed them.In October 2011, Kenya had sent troops to Afghanistan, and since that year, Al-Abba's terror attacks in Kenya have hit Kenya on October 2011.According to the authorities, from October 1, 2011, there have been at least 135 attacks, including an attack on the Westgate mall, which killed 67 people."
3,He will appoint two thousand workers,"The company Reservation Research in Canada which creates Blackberset (the Society) will distinguish 2,000 employees on global level in the next few weeks. The Guardian Globe and Mail have reported in the news that the UN is preparing a global level. In the next week, he will report the global level of operations.The Globe and Mail Mail News reports that the company's list of companies is preparing a big restructuring on global level. The next week, it will cut 2,000 jobs on global level. The report says that the figure can be larger than that."
4,Puduchry: The controversy between the state ray altar led to a major meeting on the street outside of the house,"The chief minister of the centered district in Publachey, V.. Navasa and the sub-subordinary ray have been re-contributed. The principal votes outside the government residence and collaborators in their support began to pick up. The main thing is that the principal vandals went out on the street of the capital's residence.Darna picks up the @LGov_Pleoperry is taking care. Sleoping in peers of Ravaj Nvas #Preyurry with our mainsters & MLsters. MOLC. mt.com/gefsThe Naurisha said that without the spread of Gorisha, the altar has ordered the wearouts for people in their recent decision, which seems to seem to be their independence and torture people.' The state government offered in this case to spread people first. They accused them that some 39 weeks had been sent to the government, but they didn't approve."
5,"ZEU leader, claiming to pay a job in the Sting operation, stuck in bribery, party will be suspended","Brannie's election commission (GMSC) has appeared to be the case of a leader who has been working for a crime group, after he was under attack by the BMMC's Ministerial Minister.Not found. Amazingly, the matter of leaking the question resolution to test BBSC's Interaction level has come in light recently. The government has canceled this test.According to the police, there has been a wave of forced labor operation in the diagnosive services for senior workers in the diagnose procedure, which makes a woman claim to pay for the five million dollars, telling herself to be a grandr.Later, ""If this thing has come face to face, then the whole report will be asked first, and then it will be their stable. This is the rule in the party."" That is the rule of that Kum of Remina's village of Kubina and the village of Berebby, the village of Semitha, under the charge of fraud, was located in a primary residence under the charge of the charge of the fraud."
6,"3,30,643,900 SC, OBC students have a sancing of 745 million rupees","Social welfare and political departments have provided students under various plans in the past two years, other unfurbated classes, financially disabled students who are concerned about 7,465 million buckaucracy students. Students have been benefited from nearly 3,3030,646,306 students.The main purpose of this is to cut off the economic development of families that live below the poverty line. According to the government has decided to provide financial support for 2 million groups under the standup India campaign, the scheduled tribe and female farmers."
7,"U.S.: President's candidates at Hilechtenton, doctors confirmed","In the United States the arrest of the Democratic Party for the president's position has been transmitted by Hirmbson Bushnh, and they have been advised to rest. This has taken place in the memory of 9/11 attacks at the middle of the conference.He said that they had been being sanctimonious for long periods of time and since this condition was diagnosed with pneumonia. He has been advised to give him rest and change his program. The doctor said that Hitri had been held at the Memorial for 15 years at the end of the Memorial in G.11.The doctor said that Hillary had lost confidence in a memory meeting at a Memorial of 9/11 attacks, which was held last morning in Hirozton, at a Memorial of 9/11 strikes, and he lost water in his body."" Lisa told her that she had lost her body's water in the water and was getting better into their health.Lisa explained that she checked the Hillary. She had lost her body to the loss of water and was improved in her health.Hildi's preaching team explained that during this program she had been in good health and had left her daughter Challi's apartment in Poschharen, which is in the city's Poscheline. Besides the Sandi TV team, this information has not been edited directly from the Syndage Feed.(Other than Hedline, this information hasn't been edited by AnD TV team, it's been published directly from the Synduckoon Feed.)"
8,One of the greatest rings of the land is every Psalm lion: Anthrophy,"Former Indian cricket captain Anthropomander believes that India's spinal department is full of level balls, and he gave each song-to-star to return to the group a figure of 'The greatest spindrums in the country.He has recently displayed a bad trial in cricket. He says, I don't think he has done bad performance in tested matches. In fact, he has played a lot of matches out of India.In Sri Lanka, there can't be enough music to play a good role in every song lion in its non-armary part during the absence of the ICC T-20 worldspace. Each song has a good role because of its bad form. Every song has a long time to stay out with a team.In the shift. Yes, his performance in a traditional match was mixed. He didn't stand up for the high standards he had set up until now, and so the people thought he did not do well.In test cricket with 619 Jambuck, the world's third successful ballball said that each burner is the best ballout. He said that the hell is quite important to display under pressure.Thebas is also patient under pressure. And according to this former Indian captain, the ghost's ball is measured and they like to have a ball with Ashwin.The former captain with Kbalmb is the same thing as Legathar Amramrama, Rahul Chisa and Pueue ricea, he should have enough opportunities to talk about the country's leading cats.He said he needed to work a little bit on his cold ball, because he didn't get quite quite quite ready with this ball.Chebler said, ""If you don't have enough opportunities to spinr, you'll never know about his real ability."" Currently, the spinal department is quite strong, because two spindwners are doing well in the area.Kubbel said to the central website of Bangm I, every song lion is also present, and that's a lot more competitive than 400 exams. When he returns into his best form, he's trying to build three choices in the team, and besides that, he's trying to create three lebs in the crew.Kubler said that each song can still contribute a lot to the national team. They said, ""He's good."" He's a little bit lost and he's the only way to get this done.He said, I don't think he's done bad in testing matches. In fact, he played a lot of matches out of India.Culley, it says, says, ""it's a lot of patience and patience on the pressure."" And according to this former Indian captain, a ghost's ball is accuracy in the ball he looks good for in the ballbags with Ashvin. Though the ghost suggested that he should work a little bit on his nose, he didn't have enough to get a ball.Culle said about Leggbs in the country, Rahul, Pisa rice, and Amhart in the race, and the testing format are more favorable."
9,Indro's staff asked forgiveness by the handcuffs at Delhi airport.,"The President's press and director of the Invingo Airline said that ""I accept this abuse from passengers with our staff at Delhi airport. I spoke personally to the traveler and asked for forgiveness.In response to this incident, U.S. president U.S. President Affori said that ""I have asked the President's Ministry Committee to report to DGE in this case... some kind of violence is painful..."""
10,"This is what the son of Zavedifi revealed on friendship with Nevavadi, saying...","Of course, it's not always easy to discuss these days, apart from my film, Mija Zaanza Jaffer (Mean Jaffer) and his film.Blur but Beaufienzaj and @webinida. #meanzaan #nvevevelina #Pancatoque #vialphostalforism #2019An official shared by Izaan (@mezaan_jay) on Mary 26, 2019 at 4:37am PCMumbai's experience was recently interviewed by Brangraphan Jafferi (Mean Jaffer) in which he asked him about Nellie Navele Nanda (Navia Nanda) and his friendship. His friendship was also asked about ""We're good friends.""A mail shared by Aavia Jaferi (@aviajav) on Oct 13, 2018 at 1:18pm P.Tell me that Bhudiwood's son Mijan Jafferi Jafferi (Mean Jaffery) will recently be able to roll in the 'Malgard' (Magalinal)."
11,"At about midnight the prosecutor BPRI commandr of the accused BPC lion coming to the front of the fucking media, did not do it, and Alexander did not do that.","An investigation of this case is done by the North-Pad government. The police, based on SIT, can also enter a case against the accused general lion."
12,The Islamic religious leaders earned 100 million rupees in the capital,"The non-diversityal government organization of Zizi's Democratic Republic of Russia (IF) is already being imposed on the Indian government's legislature.AnIE has claimed that AnjiO of the Muslim preacher has been an investment of about 100 million dollars in the capital -- an investment in Mumbai and the surrounding area. This investment has been seen on the 78 bank accounts. The agency has said that the whole matter is continuing and will be examined within a month.Tell me that after being printed at the site of Noik last year, Anii had blocked the Islamic Research Institutes of Neikkas (IF) website. Besides being printed in a matter of space against the permit, it was believed that the Ministry of Houses is against the idea of unity in many Indian speech. He was trying to divide the community by his own ideas, and he was trying to force young people to become Muslim (IRF).The Home Ministry believes Naik's speech is against the idea of unity in many of India. He is trying to divide the community by his ideas and is also urging Muslim youths and foreign youths to become panic."
13,President's Visit to Sales and The Desss. Africa departed on the 9th-day trip.,"President Kassshele went on Sunday morning to nine days' journey from Sales and nine days from South Africa to South Africa. He will consider the differences between his peers, the regional and international issues. President Sesceles and South Africa are at first traveling to Victoria.President Seszles and South Africa are on their first trip. First they'll reach the capital of Sasssshes. This attack will include building up biscubies with both African countries mainly in their agency.Stronging up bilingual business lines with both African countries will include mainly in their agency case. Communication and communication in the business trips aren't true pilots, snomers and symbrets, senior officers and merchants, with a well-known president of the President from President's Republic, Tuesday from South Africa.In the trip, communication and information technology pilot, Gabriel Schaffer and Jeshan Schaffer, a well-brantre of senior officer and business, will be on the President's way to Tuesday, from President Stos Tallet to South Africa.The President will sail from Siochins on Tuesday to South Africa."
14,Golden Globe in 2017: Problems in selecting exits to the favorite chlorine,"Bhumiwood Bangangang is preparing to walk in the Red Sun of the Caribbean. This year the droaches of your water-boots are about to decele in the Golden Globe. But for this big day he's not choosing a model.Dear Dhank shared: Snowtimes like man's are not a good thing... #Gdenlobs... #GallogramsSontimes are really a good thing... #GdenGlobes #Grprophysics?Video posted by Pierre Chaopra (rightanankachap) on Jan 5, 2017 at 5:20pm PSTThe 74th Golden Globe will be held in California. The second time Lovejas' has been subscribed to People's Choice for'Kinio 'for the Cypriot. Loveja has been honored some months ago by Mr. President in New York.This year he's going to work in two movies, until the end of January."
15,CBI's question from the governor of Goa in VVIP HalybI business could resign,"In the case of the August Westland VVPCorator business, CB's governor of Goa is questioning the wife-in-law of Goa as a Witness.On May 2012, Goa's governor will be built and finished in 2017, but after today's questioning, he is likely to resign by following an example set by the governor of West Bengal.It is noteworthy that CBII, along with August Westland, had voted for 3,600 million dollars in the exchange of bribes for Villacland, as an investigation of the charges of bribery on June 27, was questioned by the prosecutor three days later.CBI was involved in the group that had seen the National Geographic processes before buying the helicopter. The slogan security security counselors were advised before they became the governor of West Bengal."
16,"This year the country's budget was over 1,100 million dollars: train ministers",He has said that building projects will be quickly completed and effectively completed. He also spoke of acts against construction agencies that would not be interested in these activities.
17,"This instructions was given to the strength of the government and the party by Pum Modida's company, with the Obcicicissions of mixed seed.","He said that meeting the issues of the central counsel and officers in his fields will solve problems. The center government's poor welfare plans together with the colleagues of the party have increased their advantage over the poor people, working on it.The prime minister would likewise meet with different groups of St, St, women, young Jains. Pum Modi Moh Moh-two, three-three kingdoms, and the Kingdom bodies during the 16th conference."
18,"Tart News Poster: Salman Khan appeared at the South Gate, written by her as many white hair as are in my head and my beard...","Let's do it with me-- and let's see, let's see, let's look like this shape meri zindog!Salman Khan wrote this picture: ""The white hair that is in my head and my beard is more colored than anything that is in my head and my beard.""In this film other than Salmanman Khan, Catarina Caf (Karna Kin) is in the film Charani (Charya Katani), Zawewea (DORA), hearing Grove (Sun Gover), as are the stars in the main role. The movie's father (berewhe) and their father, they're also talking about the film, they're trying to do some film, but they're trying to do it with the film's new film."
19,Sonum Katur wants to be there to look at every piece of this diagnoseer...,"The filmmakers in BMMM's movies are always the ambigus, whether they play main role or entertain guests. The film's film is also working in Solmmann's margart hope that he's also going to be the face of every movie.In the beginning of this month, Ram Masarii's film guide has been given a national film award under the Special Minister's 'Nerja' class.(Other than Hedline, this information hasn't been edited by AnD TV team, it's been published directly from the Synduckoon Feed.)"
20,"On the question of Rama's temple, this Bhumwood anter said to him, Lord Mr. Hiram is about to make a good decision.","Bhudiwood was excited to find out a statement by Ram Joshi (Ram Mandir), which is in the headlines. He said in Friday that, 'Be careful, God is about to give a good decision.' The zeal in the journalist was here making an important decision during the talk.In response to a question, Gabriel Beshi (Manma Joshi) said that ""Mramram (Ram Mandir) is about the faith of millions of Hindus.Tell me that on Wednesday, after a hearing of 40 days, the Supreme Court had organized his judgment on Wednesday on the past 70 years of age. The five judges of the Chief Judge Gog's Court, the presiding judge, had begun to cry out in the case from August 6 to August."
21,From 'Syama Papers' the address appeared on the El Salvador office of the company Mojque ftucka,"El Salvador's prosecutors have printed the law-to-damms of Panama on the offices of Modak Frog, and from there are so many documents and computers.No. It has been published directly from the Syndicque feed)After the U.S. president of the United States printed at the U.S. President's Office in Kolkai Esmolon, the British righteous office said, ""When Mozamishi's office has been intercepted enough computer equipment from the press's office to the computer's office, it's asked the reporter that there would be seven rounds and 20 computers in advance, but no one can be able to find information about the country's future.""And more than 100 media organizations have joined in leaking more than one million documents of Mojkea, which shows how it has helped rich and influential people to open up things for illegal use.After this openness, Prime Minister Ndre Modi, at the orders of Prime Minister Modi, has made Centrally clear by means of the financial secret units of the board and by doing it in the research team and the officials of the Indian Bank and the government of the Indian Bank are examining the case. The Central Africans said they were exposed to opening up abroad by 500 foreigners, and those who had stolen their money will not be able to enjoy the gold security of the country.(This news hasn't been editable by the ND TV team. It's published directly from the Synduck Feed)"
22,"By watching a film back in South Delhi, the gang gang rape, 3 arrests in the car","The 25-year-old film returning to the film was so hit by three people and committed common crimes with him in the car. The police told Thursday that the three charges were arrested in this case and the court later sent them into judicial custody.The woman had seen a film coming home early on Wednesday with a woman's friend on Wednesday with a lady's friend and had seen the film return from the PVr.15 p.The woman said in her police complaint that the accused had done wrong with her in the car and then left her to the eastern route of the springland region. The victim's companion immediately told the police officer that they were going to the police station. Later he told the police that they were going to the car, so three people came to him in the car.Immediately after the accident, his friend informed the police control room. Later he told the police that they were going to the police station and then three people on the car came to him. According to the police officer, one of them called my friend in the car and went into the car.According to the police officer, Marta's friend told me, one of them pulled my friend in the car and drove the car. The Mana's friend had recorded the record number of car numbers, which led the car into the car. The guards said, ""We have searched the car's owner for the song number.""The officer said, ""By the 'Peering number, we've found the boss in the songmoni (Old Delhi). The charges were arrested within a few hours after the operation was confirmed by the woman's doctor trial.' (This information hasn't been edited by NDVC's team.(This news hasn't been editable by the ND TV team. It's published directly from the Synduck Feed)"
23,India's looters released 17 Indians,The pirates in Rome released a oilboat in Italy after 11 months. In February this ship was hijacked with five Italians and 17 Indian Indians.
24,'India-Americaa chances to commercialies',"The first US-Institutian Western coastal summit, with more than 300 seniors in both nations present and present potential cooperation in both countries, has undergone an increased potential. The U.S. business council of the Indian Republic (U.S.A.) and the Federal Ministers have organized the annual conference into the SMC.A.The U.S. business council (U.S.A.) and the Federal Chamber of India (U.S.A.) on the weekend held in Sion Wells and California (FFFFFFFFM) in this summit group shared in business and policy of both countries.According to USIBC, 'bing Bridges, Fstering Inge', this conference is going to affect the most important political and economic issues of India and America and on technology, technology and trade and business investment.The former U.S. minister Kodizas, former U.S. minister of the US, said that India has a wonderful example of what the democratic institutions can achieve. He said, ""Violence can't be reduced to democracy."" And he said, ""India is a business, a film, and everything is all in these areas, so there's to be no success in both of these areas.""""In India there is cricket, film and content, so Janny had to get involved in the success of both these two areas.""""As part of history we've developed media companies there."" We're learning to walk in India right now, but soon we'll start running and running, and we're eager to take a very exciting and exciting future there.""The executive vice president of the Imgards and the Chief Exploitation Office of the Cisco Systems, Vefrin said, ""The future of the partnership is."" They estimated that in the next 10 years, there is the possibility of being a urban of 10 million Indians in America and India."
25,After the separation there will be Cars of Huedai to 20 thousand expensives,"Hugog India will increase the cost of his vehicles from February 1 to 20,000 rupees. This growth will be for all models of company.The vice president of Hudddbes India said that because of a drop in position and cost, we would increase from February 2013 to $0,000. He said that this increase from IV to St.He'll be on all models at the cost of the increase from Ion to Stenta."
26,"There's no change in the U.S. Federal Park rates, the dollar rolled up.","The American Federal Journal has not made any change in interest rates, after which American dollars have been entered in American dollars than other currency. According to the continued statement, the United States has recently decided to change interest rates between weak financial data and financial growth.The U.S. central bank recently decided to make no change in interest rates between weak economic statistics and commercial growth. According to this statement, ""transgence increases in rates that increase in growth, but more obvious in business is to wait right now.According to the statement, 'Fourtism believes the potential for growth in interest rates has increased, but the economy needs to be waiting right now until it has increased signs of failure.'On Wednesday to Wednesday in New York trading, the last business session in Euro has been registered as 1.116 dollars. The pounds also have 129 dollars, compared to $175.29 dollars.The Federal Fund says that the risk of near periods for American economy is getting balanced. It is a sign that interest rates can increase by the end of the central bank year. (Hedline, besides NDSC Team, this information has not been edited, it has been published directly from the CDTDOC feeds.)(Other than Hedline, this information hasn't been edited by AnD TV team, it's been published directly from the Synduckoon Feed.)"
27,The Meaning of Over's Prepares in Delhi,The Saturday evening with several cities around the world will also be celebrated in Delhi. Many important buildings in this community will be put out for an hour in President's House. The public has been invited to make this event successful.
28,Fear of growing what is the psychological and why it is...,- Italian principleist Franko's 'bffo' Bladry
29,Narandra Modi to visit the affected areas of the north.,"The Chief Minister of the Euphrates said that the natural disaster that came to the North is a national disaster. Modi said to the reporters shortly after they arrived in Verona, the whole country stands in this hour of trouble with this mountain state.Nitrodi Modidi Mildi has visited the affected areas of the north side. Four homes of the state have been especially devastating. The emergency situation in Kesharnath is a horrible one. Modi said that it will meet on Saturday's Saturday side an annual victory and offer whatever help might be needed by this situation.The chief of the Euphrates is here to make sure that people in the northern part of the state can get back to their home. The two-waired aircraft fills Ahmadabad's flights to extract the passengers off the plane. These aircraft can carry 140-140 passengers."
30,Direct bus service between Delhi and Delhi,"The Indian Prime Minister Modidra Modi and the prime minister of Nepal from here today just showed the green flag that has been designated by the animalrithite. Just before showing the green flag, both prime minister went up and talked to the passengers. The only thing was to be decorated with flowers, singing grubs, and so on."
31,Gaulji was nervous before a match:,"The Couchman of Puter Wariers said that Tuesday was quite nervous about the Dekker's game before the IPeller match started. Gauly played the role of Nabaddi, closing his critics's six-birth residence. He told me that after the conference he had been at the conference, he had said that he hadn't spent a lot of time with them, and he didn't want to do that."
32,"How would you answer the question, ""Will the prime minister resign after 50 days, or will he hide his face? '","The president of the National Public Group (GD) noted that a month after the blog was completed, the prime minister was aimer at Modibar.Former chief minister Redman wrote on Thursday, taking six days off the Prime Minister's notice, saying, ""Girty of a ghost is good.The prime minister's advice wrote in another Twitter: ""The country hasn't only been built up by the superpowers. You've been asked for corn, life, death, and future in the areas near the government.""Not at all, he said in another Twitter that 90 people died in the country, claiming to have died in the country, ""What were the 90 people going up to the notice? Who would carry their family burden? The prime minister doesn't have time and word for them?(This news hasn't been editable by the ND TV team. It's published directly from the Synduck Feed.)"
33,Me Meun condemned the clean suicide attack,"The Motion of the United Nations Children's Fund has condemned a military training attack on Thursdays in Pakistan. The president of the United Nations, Martin, said, ""The police have condemned a suicide attack at a military conference in Pakistan. Many have been killed in this attack, and some have been wounded."""
34,"The case of burning fireing in the home: two officials will cut off, the mayor, a head-headable and an ill-dependable suspended","The state police took severe action against the police in October of October of Alver's district, taking firm action against the police men who used to be negligent at the firehouse, 2 head-headable and related to a police base, a head-assist, a head-assist and a hypnotist.Circlei Ramigal has been faked. He pointed out that all the remaining 69 police personnel in the Buona region have been brought up to line and placed other police personnel in their place."
35,"MARCY OF MARCHOO: Chasley's faithist told NatalV, I was arrested, and people said, ""It doesn't exist.""","When all the boys were in the middle of the year entrance into the new city, Chamary Jamly was returning to his office at about 1:30, like many other girls returning to his office at night.These are...' He said it's not possible to assign 10,000 police officers to keep patrols... to keep track of the crowd and to keep traffic out of the new year's evening.On Tuesday night in NgoV's conversation with NagoV, ""I saw them staring at my face, so I turned to a side... I gave them the way to go... after that one of them took me to that...They were there, but they didn't even come and ask what happened, or what's your problem......and what happened then was far more incredible than the checkee's account. Chasley said, ""When I realized what he was going to do, I immediately ran after him, and started killing him, so that there were 1520 men...Well, what happened with some checkouts from the West Benggarduru, the best commercial district known in the city, was the loss of many of the girls and women. There were thousands of people gathered for celebrating the new year, and the drunk girls chased, they didn't know what was going to happen to them.In the meantime the public's anger grew much hot after the statement of God, in which he said, 'There are so many things...' He also said it wouldn't be possible to assign 10,000 police men to keep track of the people...But Challey told JohnV, ""I was looking everywhere, but I didn't find any cop... there were about five to ten police men who were there already, but they didn't even ask what happened, or what your problem was..."
36,PAM Modi will be honored with the Seoul Peace award,"The status has been given to doctors'release restrictions before the UN's East Cofien Cofier, German Cadleruler Markel, and the respected international security aid organization."
37,The Internet is now going out of the IIT BBBBBAND to every village in the country!,"In every village of the country, the dream of transporting the internet has been completed by students of the IMT BBBM's campaign. After 5 years of work in India, India's rural network can see the world's use of 27 players.Can't change the dream in reality.This device is 80EE.112.02 a/b/g/G/ board connected to RF card. This card turns 2HZF from TVHF to TVHF, which can be distributed in every village with minimal expense and technology without the Internet.The team of 25 students was working the night for it. Currently this plan has been tested in 25 villages, claims that it can be brought into fewer expenses.This project has been rewarded with a prize for 82 million in this world headquarters in 1952. The team will use this project to improve it. This project will be conducted under the Public Ministry Model. Trying to add 6,40,000 villages in the country, so that it can actually be changed into a digital dream."
38,"UP: As hostage to the 15 - year - old minor, three of them committed gross crimes by night.","The actions of minors in the town of the north are not bringing an end to the bad things of the country. Ter Bucker hasn't yet happened in the village with a minor who was a minor on Saturday morning, an emergency incident in the village where Saturday was ate-up. The police have been making charges about eating the case."
39,"The news of the film being hit in the area, as the news of a movie that was courted.","""The film's shooting at Attension"" film has an antrillorinjainja"" and actor Richard Manden was kept safely out after we met the bomb blast in the area. According to the news report, the bomb specialists have been allowed to disable the bomb base of Canurturt's island. By the World War II, it's been believed that the World War II was going to take place by the World War II.One source said, ""It was clearly terrible. The bomb must have been here for decades, which no-man has ever known what would happen to it.Many people present at the site said that during a film film, the information went fast and everyone was asked to go to the right distance."
40,"Upon being removed, Congress said, ""The destruction's getting started.","The Congress warned that it was the beginning of 'Violence' on Prime Minister Ndald Modi, when he warned that it was ""the beginning of evil' -- the government said these things after the request was requested.The Congress's spokesman Chaco said that the senior authorities's 'beribution' is also 'gold' in the king's office. He said, it's not the first thing to show that the prime minister is becoming a dictator.Interestingly, the defeating of senior authorities is just the beginning of terrible disaster, and the king has also been victorious... we have many reports. Cock said that the sensor director of the board and the other members had nothing to say to the government, but that he was making himself weak.He said, they're all very honourable people and they have no political party to do... but they didn't get permission to do freedom work... there was no environment and freedom to work.After trying to stop the arrest of the former central minister and Congress leader Dong Singh in the case, the government had asked the director to resign him from his office, and then he left Wednesday to his office."
41,Moonon-2 was successfully admitted to another class: ISRO,"The Indian space research organization (ISRO) said that space-2 was successfully entered the Baton-2 orbit by night. The Earth directed it.The second highlight was based on a man who was in charge of #Tendray2 graphite (JAY 26, 2019) at the 0108 hrs (IST). For details, please check http://wts.co/NB6He explained that all the activity of the moon is in normal state. It will enter the third class on July 29th, with an Methaner and Rover, this ambitious project began to fly to the moon on July 22th.There are 13 vocabularies in the 'Illian-2' -- in eight Orbiter, three loader'lander' and two fillers' are in the Knowledge' knowledge. Ler's name is called ""The parent of Indian space research program."
42,In North India I was struck by a severe heat,"In North India, because of constantly moving across 40 people are facing the severe heat. With bright sunlight, the Thursday rises early in Delhi. The temperature of the temperature is 1003 degrees Fahrenheit [24 ° C] per day. According to the weather region, the temperature of the country has gone up to 44 degrees Fahrenheit [4 ° C] to 44 degrees Fahrenheit [4 ° C.]In most of the capital's schools, time was allowed before the heat, but government schools were exposed. The government Schools were going to be closed from June Two.The center of the Indian climate department (IMD) said, ""it's likely to reach the lowest temperature up to 44 degrees Fahrenheit."" In the morning, the temperature at 830 p.m.It will bring relief, but the heat will grow early in the morning.There is also a wave of terrible heat continuing in the north region. The heat of the sun from morning to day has driven people to the temperature of the next few days, according to the weather department, there isn't expected to be a temperature in the region around 44 degrees Fahrenheit during the past 24 hours.The director of the Northfield Department said, ""It's not likely to decrease in the temperature during the next few days."" He pointed out that the heat temperature in the days of the foreign winds is going to be similar.It's interesting that on Wednesday the temperature of Gobipur, the temperature at 43 degrees Fahrenheit [45 ° C], the temperature of the earba, the temperature of the cove, the temperature of the coves, the temperature of the coves, was entered in 45 degrees. The whole capital, with the capital, is in the heat of the air and heat.The full blouse with the capital's capital, with its capital, is in a state of great excitement and heat. The superpowers of the moon and the sun have pushed the people away. Here, all the schools of the capital have been suspended in sight of the great heat.Here, let's see the summer. All government and private government schools in the capital have been closed from Thursday. So during most of the capital's schools, early summer was allowed, but government schools were exposed.Here, the director of the science center told the community that in the next two and a half days, there was no chance of a significant change in the weather. He said that after midnight the people would be relieved by heat but early in the morning."
43,"The gift brought to Réels Jio: From now on, lives, all things","ROOLOGY (RlS) has brought a special gift to your clients. Reprofeated 399% of cash and obtain a full 100% cashback. The company has said it's in the middle of October 12th October.Air Tweet was at the fourth location with an increase in download network, and 8.55 mbs remained.Read-ROLOCS uses 4gggS? To increase this activity, you can get the cacheback Vau which you can use when saving time. Thursdays are starting with 8 blugs of this country.The cashback will be used as a website that you can use during re-booting time. Thursday is starting from this day to the end of this superar.With the same answer, tell me that in August as a result of download in 4G Web services far away in the country, RlDIVOTK has been successful again in the month of August.VIDEO-JOOO'S PHONE is because of these reasons, the smart features phone is going to be downloaded on mobile network in August as it is expected to be downloadable in another month. Likewise, download 8.74 Mbs on the network and it's located in the third location.According to this, the download call on mobile network in August months lived at the second location (8.99 Mbs). Downloaded on the data network was under 8.74 MbS and it stayed in the third place."
44,"IND vs WsI: By giving Assndor' to Urn Guards, Gotham's hardy,-it's the defeat of BCCI.","(Applause.)On the other hand, in 2007, the T20th century B.C.E. and 2011 have been in the state of cricket, which is winning the Indian company."
45,"Ch'incland to Chill, where CJM Court of the Lord's Court of the Lord's Name has arrested a high court for 14 days","The god of worship said that Ch'inlon's eye is observatory and that their eye is getting low, because the eye is getting bright pain at the eye due to Mothabar. The lion said he has kept it in court too. In such a prison they should get class 'emes, but they're getting off like simple food, and they're getting off on a common floor like that.On this side of the Court's voice called 'Pionainita', the workers of the organization pulled out and asked for an Article 376 on Chilland. They charged the governor's notice that the government was defending the government."
46,In China an earthquake reached the figure of 381 deaths,"The earthquake of 6.5 percent in the southwestern part of China has passed through the figure of 380. Earthquakes occurred on the evening 4 p.m., 30 minutes later (in March)."
47,India aimed on a comment on Burundi,"The Pakistani Prime Minister, from the Housmbi National Park to the HUKKKNKKKKKKKKKKKKKNKKKKKKKK, said, ""The terrorism is a target of Pakistan shows Pakistan's affection."" The government said, ""We're not going to face the terror of Pakistan because of the country's culture, but because of the culture of India's culture, it's not due to India's aggression.""A senior formula of the government said, 'Sad' talk in a united session shows that Pakistan's attachment to terrorism has become ongoing.' The response of the government sources has come when Wednesday's prime minister called on India's security in order to discuss the growing stress-transition situation.He said, 'Kamir's young men have taken the move against India's excesses. The death of Urmir's red clay andiine was reminded of India that the Portuguese had the right to be the official.' We claimed, 'We did all of this to bring India's talks to the table, but not so much' he said, 'We haven't been able to do it.'The director claimed, 'We did all that to bring India to the table of talk, but India did it not. Our efforts were repeatedly failed.'Moddi had challenged Pakistan's competition for poverty and other social damages in a speech last month. He said, 'If we want to compete with them to end poverty, they must understand that the tank cannot end poverty.'(This news hasn't been editable by the ND TV team. It's published directly from the Synduck Feed.)"
48,"If BJP can get hands, why not with Chitina, EncP and Congress: Jonathan Ratau","Because of pride in not sharing the main position of the seed, Shimsa leader Rust says that the current situation developed because of pride in the pride of the Bhapes. He said that it's the pride of seed that he would not obey the agreement but that he was willing to sit in fraud but not make up the government.Let's tell you that the only minister of Shivina in the Modi government has declared this award and that the vice president of the division has broken up 30 years old friendship between Bhapi-Syna.Let me tell you that in the 11th class of the President's Assembly, Sakrena got 56, Ensip 54 and Congress 44 seats. Bhape and Shirena had crossed the number of 145."
49,"Falling down the four floor building in Mumbai, four dead","A four - story building in Mumbai has killed four people. This tragedy has taken place in Mumbai's eye market area, and the building is called the All-beneficent building."
50,"I'm going to get under pressure from like'syperman' to go to the ground, to the truth...","In the entire trade history of cricket, there may have been no player ever moved to the wild market with this wave of suicides, so true partner is the most experienced of this pressure and responsibility, and for the past 24 years, he's always carrying it in his last year, not just in his last year but some of them's great well-being.In the same test match, the actual brides, the 241 runners, who believe in a number of scientific facts, went so far as to describe the true brides from the previous two decades and to win out to them their family thirst and add..."
51,"UP: The awardr heap in police combat, the jailer seriously injured",(This news hasn't been editable by the ND TV team. It's published directly from the Synduck Feed.)
52,"Thrilling in young people's IPS in Urmir, police are unaware of what's happening.","In the same year, a report delivered to the Home Ministry in Syndrey is about to concerns. In the report, the secret department said that there are 16 to 30 young people around the country who search on the Internet on the Internet."
53,Noha: Neighbor entered home and raped 6 - year - old girl,"A young man in Mumbai's province entered his neighbor's home late at night and raped the six-year-old child asleep with him. The police arrested the charges.The case of Jivnga's teacher threatened rape, 4 arrested girls against the girl, she hit the stone with his head and fled there. The officer said that the accused was drunk at the time of the accident. He said that Jekkkn was imprisoned in the hospital.When the girl opposed the girl, she hit her head and fled there. The officer told her that the accused was drunk at the time of the incident. She said that the girl was admitted to the hospital.(Other than Hedline, this information hasn't been edited by AnD TV team, it's been published directly from the Synduckoon Feed.)"
54,"Rajbbler: From Siepa to Democratic Republic of Congo, the election of the Democratic Republic of Congo led to the exile.","One of the political leaders of the Rajbar Congress. Before coming into politics he was an actor in the film world. He's been a member of the Governing Body three times.Bebbar made several movies in his career. He married a number of films. Today's sound, today's click, if you weren't, introduces your performance in many movies, between the broker and Orana.Rajabbar left his strong impression on the movie area, but in 1989 he decided to be released and joined in the community led by Vipi Singh.During the 2014 district elections, he fought with his election, but he was defeated by the general vandals of Bosphia. After being made president of the UP Congress Committee, he was offering strong criticism from a blog blog."
55,There were beginning to be a new fact between the HALL and the company making up the HGC,VIDEO: The Federal Air deal will demand that Congress check from the Congress Congress · Global Voices(This news hasn't been editable by the ND TV team. It's published directly from the Synduck Feed.)
56,"Unloaded for the defeat of UP, corruption responsibility: Congress Committee","A high court committee of Congress says that behind the bad fall of the party in the north, the image of corruption, the cost of tickets, the wrong distribution, the travel campaign, and the weak structure of the community were the main cause. A member of the community has been believed to go down to the bottom of a party's election.An attorney of the party in the province's elections is being considered to have completed his investigation. The authors reported that on Thursdays he would be given the report last front, after which he would be entrusted to Congress the president of Congress. The board did not assume the role of Rahul who had been preaching the party in the north to the north.The formulas told that the report would be given on Thursday, after which the Congress chairman would be handed over to Congress Jackson. The Committee, though, did not take care of Rahul Gandhi's role to rebuild the party in the north.In the three committees, other than the Antinani, there are members of Delhi's Chief Chamber, who have been entrusted with the defeat of a party at Goa and the fivebs, and for the reasons of displaying in the North Circle."
57,"Evolutional Court's case: No relief to the supercourtor, the Supreme Court ordered that a million dollars be collected.","Interestingly, the Supreme Court has been hearing of a matter of 40 frontal towers of the Supreme Court of Nod-W. Louis High Court ordered the two Towers to render illegal declarations. But later the Supreme Court banned High Court's decision and ordered the officials to arrest the charge of the charge of the charge."
58,When the beauty of the women scattered around Twitter began to track #,"adversity, post your dreams and meetings under the cover of the list below from now on. Please check the content in public update. Please read www.jw.org.With this txtend.my conjugment to #He's going to go.Unash of #nosePint. Twitter.com/YN1ZIBqyFrom now on, this is the one of the two main parts of my life. &amp;gt;&amp;gt; From the bottom of the list. # NaeeeeeePinvop.com/IVQODJJJJJGOoh I think I'll love #My system to direct #noPint. Lunt this on TL. pic. launch.com/ft1x5nqWAdding my voice to #NoePint! This is by means of the flicker's I'm bleeding, and it's going to be raining!Amajing Tread # NosePint. Twitter.com/XRTIN6VIceberga said to nanzeV, ""Every woman who's posting her pictures, also trusts other women to understand their beauty."" This tracked women not only by sending pictures of their beautiful mouths, but also by moving many women in their minds...Sorry.com/hugger.com/hgiguenf2 lankl (@nuquotine) Ocber 15, 2017 #epoint@Spiiner_Manc.I'm going to get my noose.Touched photos of whites with no whites make me want to go to my house. Y'all look great. #I don't want to see you like all these women are no more.Look at all the photos for #I want to get in the middle of the track all of these women are old enough with no change in their lives.And most interesting of all is that women just don't like it, men also used this too well...This #nopiintback is a dviquec. launch.com/hF2D3cRFRepeated number #nositeiteiteiteiteite. tttm.com/hGnake2#noePintTorr@Snoller_Manc special..!Well, after seeing such beautiful photos, we just ask you to comment on us, #Noyein twitter about what you think of..."
59,"Now Hiram's son, Laurel, is getting an interjective copy of the Video, see the video","King Khan is aware of how the news is going to be, but Hiram seems to have learned this art. Now he's hurt in his hands and he's reached this complaint.I thought that he would draw the photo from the waterwire to the plyn. But now Hiram wanted to join each of their photos. When he took him into his arms, he became angry because he wanted to come into the photo.The next few months, the four-year-old boy is the youngest son of mokshak Khan.We couldn't get enough information to support each of these devices because the top SRK & BRADE ABLILZEY FBRADE With FBLODGE=OVITALFever.com/BB3ROD3RDuring a recent train trip from Mumbai to Manis' in Mumbai, Margaret told Andi TV that she was remembering her nanjab very much. She said, 'If I could take Hiram with me now, I would like him quite to travel.' He knows the whole team, so she's all very easy."
60,"Cagg's strong, 'but where's the dam' on the government of the Great Nation?","In this report, the CAG report on the President's Assembly has put the government in trouble. In this report, the U.S. President's Department of Human Rights has seen a severe increase in the cost of the project, yet 426 project is still inevitable.According to CAji's report, the cost of the product has risen by the cost of re-proportionation, yet 426 new projects are inevitable. -426 of the project, 242 of the project will end.But the cost of rejugation has increased by 426. -426, 242 of the project is about to pass. - The cost of access to 325 million to 332 million."
61,"U.S. President Subfore: Keeping rules, sending eVM machines from private car to the electronic room, commanding investigations","(Other than Hedline, this information hasn't been edited by AnD TV team, it's been published directly from the Synduckoon Feed.)"
62,UP likes it: The six questions on which Rahul Gandhi and Alex will sit down and see safety.,Rahul Gandhi said in the press that it is a historical alliance. Heather's motive for change is to say Rahul G. And then we're going to take the country along the way to prosperity and progress.
63,"Intriguing at 'Max', Delhi's government with hospitals and doctors: Goulal opinion","Goi's opinion said that the Indian man is committed to give better health to the people in Delhi and is standing with the people in Delhi because the public community is government in Delhi, and every decision is for the public in Delhi."
64,Three divorce bills will now be brought to the next week's conference,"The three divorce bills were estimated to be presented in the conference today. Now this Bill would be presented in the next week at the conference. Bomp had issued all of his lives during this time to attend the conference.After three divorce, the Court will examine the Court of Human Rights and Human Rights, under the law of the Supreme Court, has once declared three divorce illegal and illegal. In this case, three divorce partners will be sentenced to three years in prison.According to this law, three marriages are violated and illegal. According to one case, three divorce partners will be sentenced to three years in prison. According to legal reasons for divorce, the case will be fine for the husband and the right for crime.Women's right to rights say that the government's intentions are to create a three - day divorce rate in the minds of Muslims. In the highest court, three divorce divorce terms were conducted in favor of Kazald Muzdhi, an optimist at the conference, said that the prosecutors and lawyers were being sent without counsel from government society and parties.National Geographic Report on Divorce: Tell the prison for 3 years when it was asked by the government if he had conducted a discussion with Muslim organizations on which the State P. P.A. minister P."
65,Air India special fare fares at vacations,"The public flight company Air India arranged a special fare fare on the future vacation, where tickets will be relatively expensive on stamping three or five days ago. The company's spokesman said that the plan was won by October 20 April 20 and that its aim is to attract passengers on summer vacations."
66,India developed nuclear weapons for regional balance: Words,"The former president of the Apothecary Word said that India had to develop nuclear weapons and pharmacious missiles in order to maintain power on the regional level. In the name of the Naamishman, the famous speech said at a regional conference, you will see that there are big countries around India where there are nuclear weapons."
67,'Picker' will never separate me: Axis,"The actor Elizabeth says that she doesn't want to separate from the label of player falling on her own. She's becoming under his banner a second time from 786's.45 years old Elizabeth said, ""I feel better than having the player's voice mixed with my name. It's never going to be different from me. I always do dangerous things, and this is very good because the player is a word connected to the games.""Earlier in the year 2009, 'I am the player' (1994), 'I am the greatest player,' (1995), 'I am the player of the clicks' (1996), 'Mr and KARJOZEKOGEKH' (1997),' (1997), '1999,' (1920)In 2009, that film was displayed in Rinnh's history and thrilling show host to the 'Fontrier Factors' players. Its online players said, ""I've enjoyed the film during the film film film's shooting.Regarding the film's 786 'Ain' she said, ""I enjoyed it during shooting this film. It's finished.""This film that was under the direction of Rinnan will be displayed on seven Decembers and will also appear in Ain, Middin, Middin, Bush silk, and Tardi."
68,Love struggled: Hasha's father said they're trying to stop her reading,"Excavor Anan, former military worker, claimed that his daughter was changed to Syria to take her thinking. Father said that she had no trouble with what she wanted to do.GILAS: Callages came and gave them a say, 'Even now I'm not arad'"
69,Indian Grand P: The main group of people will be involved in the group.,"For the first time in the country, a form of hypnotic forest (F-1) conference that is going to be held at the GDR (F-1) has been held in the United States is expected to reach a number of cricket players, politicians, film stars, and church figures."
70,"The Congress is selecting not just 222 seats of Karnataka but the Congress, Dr.","Women have been fighting only 219 women in spite of the presence of the Munda gathering, whereas 1155 are unrepentant. They have said they have done what they have done under their five years' rule. Just robbed the kingdom.That's where the Zavis leader trusts that the King will play the role of the elections after the consequences of the choices."
71,The story of the film'Awenfly 'after going into 52 police station,"The film's playing with the IP office's eyebrows' role in the IP Office, but its manufacturer's task isn't a loss in the film's preaching in various parts of the country.There John pointed out that just for the preaching of the 'Nisoral' they're not meeting the police, even before he made a film he went to 52 police station in the country and then worked on the film.John Czeg said that before I started working on the film, I went to the U.S. President, north of the province, to see what was happening there. First I worked on the film. The situation of some police station in the country is extremely bad in the village.Here women work very hard and contrary to the situation, because there is no toilet. There, light film is trying to show the relationship between the police and the society's relationship between the police and the society."
72,Books of NCERT from the next year in the UP board on the guidance of the Federal Government,"The addition of the north-to-land government will take up books from the north to the Service Council to the north for the next year. In the north country of China, there will be books of an Ensarret, the official secretary of the U.S. education board, said, ""We got a copy of the entire month, including subsidy on May where the contents of the books were included in our course.The upper secretary of the North Pacific Educational Board explained: ""In May of the month, we received a message from the subsidy Day shame, which included the books of Ensariat in our course.He said that in the UP board course this change is likely to take place in the unconstitutioned year from 2018 to 1919. This means that students who sit under the tenth and 12th test in 2019 would be testing under the new course.He said, 'for the sake of the agricultural and Intermediate education for the High School there will be no books of ensm, because it's a series of courses; so talk about these matters.'Significantly, tests of the UP board have included millions of students among the tenths and 12ths of the 12ths. Last year, 326 million students were involved in tests of high school, while 29.2 million Italian students were involved in the trials of)! On the start of June 9th year (20 -17).(Other than Hedline, this information hasn't been edited by AnD TV team, it's been published directly from the Synduckoon Feed.)"
73,"At Pagly singing, the golden hypothel and Köl's dance, Video, they've been doing a lot of research...","Baldwood's famous Susinger and Rapha (Beda) King has moved his new Hong Kong from his new 'Bengong' and is moved by the king's roundness. (Pagheal) is not only pleased with his family, but, when the world's song has made up the world's song, the king has left the king's bag behind.So what kind of people we were going to get toA mail shared by BADSHH (@Budboh) on Jul 12, 2019 at 3:25am PISLThe King (Badha) part of Bhuja's online website shared with his social media a platform. The video appeared as if it were a chirping mine (HHukas) and a jol'll'd on musical instruments.In all of this, this video of the King (Badha) was itself written by the tax collector who also offered his opinion on a video that showed his response to the heart condition of the heart condition in the eye.Tell me that this song of the king (Bha) made world records in one day after his release, as well as that of a number of music band and divinities left behind. The king's song is mad at Me-Tut."
74,Shared protocol developed to deal with black riches: Sinha,"The government minister of the country said that India has developed some shared protocol in handling the black wealth that has been available in foreign countries. With the aid of taxes in many countries, the exchange agreement to foreign countries is to be shared with the US by signing and financial development (FFFFE) the government has decided to work together with the United States.In the Third International Assembly for United Nations Children's Fund, the United Nations Children's Fund has said: ""As far as India's problem is, taxes have been kept in foreign lands or have a foreign income which has not been paid, they can't be hidden anymore.""Sinha said that if tax collectors don't disclose their property to the end, the government could pay 120% and they could also be convicted. That's not what they're able to do in the country if they leave the country.India and the United States have signed an agreement in the beginning of this month to enforce FECEVE. That will give in both countries the exchange of taxpayers to taxes. Under the black estate operation, 30 percent of the property stored in foreign lands and 30 percent canceled. By the end of the estates, these assets will be paid to the total price of $7 billion, which will be paid to the total price of $7 billion, which will be the total price for a global fee of $6 billion, and $5 billion (U.S.) a billion (U.S.).According to a 2014 report from Global Voices to 2014, India's 95 billion dollars is stored in foreign lands and it's in the third place after China (250 billion) and Russia's $3 billion dollars."
75,"The North Coup: Over 250 rupees, 200 bottles of water","There are also the negative reports of natural disaster victims who are fighting in the north to help victims, where some people are trying to do all they can and are praying for protection, where there's also the shame news of human apathy being killed by natural apathy.Because of Lanh, people are going to give up a small package of 250 bucks and chips to 100 bucks. The accident resident said, ""I have to give up $500 bucks for a small rice rice.""After talking to their relatives about two small packs of chips and two bottles of water for water, most people don't have enough food and water for their food and drink.The tourist said, ""We're going to have 1,000 bucks to go where the taxi drivers used to go, now we're spending 3,000 to be paid. Our money is spent. We're helpless. We're waiting at the railway station."
76,The Congress trapped in the'chow' net '!,"Disknamar. The thoughts expressed in this article are personal thoughts of the author. The NVSV is not responsible for any information expressed in this article, the accuracy, practicalness, or truth. All information is presented again. All the information presented in this article is presented again."
77,"Looking around in the sky, the third chief Congress accused the conspiracy","ON Wednesday night a plane of personal Airline company on the subservation site was moving across the city for more than half an hour, in which the capital of the West Bengal was riding. On this charges was a plan for the president of the party to be the president. The airport officials said that the plane would not be able to fly at half an hour of an hour, because the aircraft said that the plane would have been running at half an hour in the air level of the plane's vote.The airport officers said that the plane was scheduled for an hour before the plane flew in from the time it was set up in Candy to 35 minutes and that here's more than half an hour in the sky than half the time it goes into the air for more than nine hours. The authorities said that no such thing happened on the plane was on any plane.The prime minister of the Third Congress and the urban development minister of the state were again in the same plane with the soft-wise, with fathers. He warned'd be late to get the plane's entry and accused that it was a plot of killing the chief lawyer. The pilot claimed that the pilot would descend within the five minutes of the plane:The pilot claimed that the pilot had announced 180 miles [ 180 km] from Seoul that the plane would go down within five minutes, the plane would descend more than half an hour later. The crew said, 'Seletchin' asked permission to launch the plane because the fuel was less than the plane was in the plane because the plane was short but stopped at the same time.He said, 'Peelt asked permission of the plane to pull it down because the fuel was low in the plane, but at the same time it held off the plane.' The wise said, 'It was nothing else but the plot of our chief priest's murder because they took up a voice against the public decision and were visiting the country's movement against the public decision.(Other than Hedline, this information hasn't been edited by AnD TV team, it's been published directly from the Synduckoon Feed.)"
78,"Public assembly choice 2019: That's why it didn't happen in Delhi 'you're a match for the Formics, Rahul Gandhi told us why","Rahul Gandhi said in answer to a question, ""We're in position in the United Nations, Tamil-Narnadu and Quebec. Our party in Delhi is opposed to the party and it's relative to this. In other places, the division is on the border.'According to the party sources, Congress Delhi Supreme Koko and former president of the Democratic Republic of Democratic Republic were in favor of the Ahasi Mika Masar, but the former chief leaders had resisted this. Most of the politicians' idea had a disagreement with Rahul Rahul, who did not agree with Congress's party in the United States."
79,Four were arrested in connection with the slaughter of one and 4 women.,"There was a tragedy of shame in humanity near Greatar Noda. A family is getting up at about one o'clock in the night. One who was the head of that family was shot on opposition was shot.In looking for six charges, the UP Police built 7 teams. And as soon as the police are taking help from STF to solve case. The four victims are in medical care.The charge is that the victim took 40 thousand dollars of cash from the family to the car, mobile phones and jewelry. After robbing the women, the policeman tied the men of the family from women's shoulders. Then, in the car, all four women carried them into the field, where they were tied.These episodes of amputation from a family in July of the last year and a mare from the mother's daughter reminds us of Greada Noda and Harsha, in 12 months past, this is the third case of the robbery of the car."
80,No doubt about the honesty of peace: Natish,"The chief priests of Bhuhary said that their honesty could not be doubted, other members of the Governing Body, in order to create the format of the National Court of the United Nations, continued against the charges of armed conflict in CD-Jihad, after the charges made by bureaucracy. The chief priests said they couldn't be suspicious of their honesty."
81,Musharraf murdered my mother: A global earthquake,"Pakistan's president of the Bangulca Party said that the securityist of Pakistan is responsible for the murder of his mother and former prime minister. He said in an interview with CNNN, he killed my mother.In an interview given to CNNNN, CNNN said, they killed my mother. I believe her to kill my mother.When U.S. attack came on the US during these days, it said that when he had undergone an emergency and had become clear that he was putting a veil on our eyes, he didn't really want to return to Pakistan. My mother started shouting against them and lost their security.She said, ""I'm the president of the Pakistan Young Party."" In the previous election, I didn't preach. I went to university. I don't think I have a native to play active role right now.They were asked if he would ever be the leader of the country. The answer was, I would like to help my people in the way I can help them. In Pakistan there is a very hard time and we must help all."
82,The rumors of panic attack disturbed Beungu Police,"The rumors of panic attack in Bangololour, which is so severe that the police in the city's town's less nervousmd Manddy had to appeal on Tuesday evenings to people not to give attention to rumors and keep working as normal days."
83,"Happy Birthday Irfan Khan: Bhudiwood's film business is devoid of sight-old-amiraaamir and Harchant, read 20 eternal tree",Thorda aur qarib... pic.twitter.com/L3gpsF8h9g
84,Number of restable players: RING · Global Voices,"India's cricket captain Lachuna said that their decision to come through the West Olympics attack with the GDC players did not fit their decision to come to terms with the actual brides, saying that they deserve rest players."
85,There are'direct' to drop your image,"Prime Minister Ndald, a government newspaper in China before Dorde, published a critical report about their house image. It has been accused of putting a limit on them and putting security issues against China.""But in the past year, according to researcher H's Shaughs of Social Science,"" he said, ""when power is exercised, they have given Japan, U.S.A., the relationship between European countries to raise the bad root and economic development of the country.""This article is coverr of the article, 'Can the China-Indiction relationship be strong by Modi's experience?' The researchers believe that news published in the power Communist party of China is going to match the experience before Modigo attack. Modi, from May 14 to China, will travel through the middle of May 16. The article said that both parties should never believe the real link.In the article, quoting from advance hostility and infidelity, it says that between the two parties never could become real strategyist belief. He said, ""Lone and the leaders of India should not only strengthen political faith but follow many principles."""
86,No check in Kol Block allocation,"The coal minister Mr. Center on Kolk Block has cleared Wednesday after an attack on the team's prime minister of cornma. The Tsppents said that the coal shouldn't be checked. They also say that if someone is in trouble, he can go into the court's refuge.It's said that the coal allocation will not be checked, and they say that if someone were to object, he could go to court's refuge. They say that under nda's time, the same policy had been allocated to the community and that there was nothing wrong about it.They say that under such policy in NDA's work period, there was a ban on the community's profit, and there was nothing wrong with it."
87,'Set foot in position to attack the right' in India',"The Pakistani prime agency I warned of being struck by the fact that if India did succeed an attack, there would also be appropriate action on the part of Pakistan and that it had been recognized in India and the practice was already being carried out in India."
88,The residents in the village are now more easily able to do this on the home of UPSC,The lack of resources to serve as an ISA and IPs as a country cannot be prevented now because they can still sit in the rurals and prepare the Upsec test with ease in the wild country.(Input-clicks)
89,"Government's trust cannot be trusted, nor should they walk: PMNNNNANDN MANA in Sydney · Global Voices","The prime minister Moddi said today that the government's trust cannot move and shouldn't even move. He said that people should take the initiative in driving the country and not interfere with the regime. The prime minister addressed Al-Katrenas in Sydney in a large number of Indians and Indian people, saying, ""I'm going to create government that would raise the country.And the world will be able to survive the crisis. And there's no reason to think that our country will remain behind. Modi said, destiny has taken its turn.The power plan has begun."
90,"Dark rain in Delhi, dark during day","In many areas of Delhi, water is collected with bright rain and news from some places is coming out of the rain and darkness falls on the dark day before the rain."
91,The police killed 7ons at a meeting in the six - month cycle,"On Tuesday, the Naxal of the Nkkkl's Naxi's Naxi district was killed at the police meeting at Tuesday. The special police campaign of the state's Naxal campaign, KDM A.D., said that in the woods of the Naval district of Naval, the police hit seven police forces at the police station to meet the police station.Annoty explained that the baron of the dentistal district was released from the divinc area to patrol the lives of police forces and united forces of DRG.He said that after a short break from both sides, Nexley had fled there. Later, when the police track discovered the site, there were seven private beliefs, two opinions, and other weapons taken from there. (This information hasn't been edited by the NDCCS team.)(This news hasn't been editable by the ND TV team. It's published directly from the Synduck Feed.)"
92,"The advice given to Bharharhar's viceist Modi, also to the enemy Michael Sinnha, PM Modi","Symbby Bangangi's familiar enemies are sancampi by subsidy Bangangangi in these days, subsidy's subsidiary beings are divisible by Modi, because of the anger of sancapha.As a result, the SHATRU should leave this group! Ofourse! That's all we know is the bigaem of BP.2>3DCHHHUHA (HHHSCHCHASH) May have said of the party that when the enemies were in the whole country, they had only a sense of breath and song to give them all of the images of this party.With permission of the publication For All PeopleHere's your name, who's a little fun at all, non-proportioned, non-useable, unprejudiced, unprejudiced with my content, all the goods and content that it's all that happened when it's going to be right...it's a very difficult process to pass on to Lalu Praspad & his demily, and he's got the power to get the Power SHARU should run the G.S....that's why we're here for our daughter-in-law. &amp;gt;&amp;gt;"
93,From India-in-law to India,"He's also said in court that he has made government witnesses against Tavava Rayha, to avoid the punishment of death and that he has been entrusted to India or Pakistan."
94,Pum Modidi will be the opening of the 2018 Memorial celebration today,"Prime Minister Neider Modi will present the Wednesday March 30th, April. The culture of this program is meeting with the Ministry International Conservation Corporation. It is reported that Moedi and other scholars will vision of the holy remnants, especially the National Museum, which will be brought from the Holy Museum to celebrate the celebration.Significantly, Modi announced the Day of Wednesday Jayi in 2015 as a national festival."
95,"These are just some of the best places in Delhi, and these are just a few of them.","In the middle of the day, when the bag is delivered, the press is also running with the glass. Because the Supreme Court has ordered that the license shop be sold on the license stores. The police have printed some 1700 pounds [90 kg] in Delhi. In the meantime, there are seven rounds in South Africa."
96,Kerals: Unidentified men in Manazu · Global Voices,"See the video: Display of Lef in West Bengal · Global VoicesTibes told the police that there was no one in the office at the time of the accident. They said that the party office was partially damaged and the files inside the building were destroyed. With the help of the local people firemen and rescuers.The police told them that there was no one in the office at the time of the accident. They said that the party office was partially damaged and the files inside the building were destroyed. With the help of the local people, firemen and rescuers destroyed fires.(Other than Hedline, this information hasn't been edited by AnD TV team, it's been published directly from the Synduckoon Feed.)"
97,He answered the reply by Bremp Mpplije of the Tymp of Maltla dasla da Gulje of the Tyslasssa.,"A breath of the Indian public party (BJP) has responded to the Presidential award at Zammu-Kaymmu.This will help you to learn more about the Bible's promise of a new world under Satan's control. If you want to do that, you need to learn more about it. If you want to learn more about it, you need to learn more about it. If you want to learn more about it, you need to learn more about it. If you want to learn more about it, you need to learn more about it.Tell me that at the beginning of this month an ex-transitor of the Pakistani party of Prime Mary's prime minister asked for political refuge from New Delhi.That is how Mallamir Josephi appealed to the United Nations, saying that he would help the children return to the schools in the valley between Szmu and Urmir. At the same time, Malila said, ""I come from the United Nations to work in the direction of peace in Egypt, to hear the voice of the Portuguese people, to help the children get away to school."""
98,Deadestes will raise up in January,The German company making the expensive car chain said today that it would increase 10 percent of all our cars in India since the next month.
99,Olbs built a caborphalure in 20 million dollars,"The principal taxi service company of the country's capital company, Olbs, has established the cash of his rival company, and the Ecottty business of 20 million dollars. The company said this today, 'to bring about your mission into the area ofial transportation',"
